{"accuracy": [0.253673791885376, 0.5299807786941528, 0.6492780447006226, 0.7385873794555664, 0.7947933673858643, 0.8312966823577881, 0.858453631401062, 0.8792374730110168, 0.8955544233322144, 0.9048722982406616, 0.9157266020774841, 0.923109769821167, 0.9309481382369995, 0.9363112449645996, 0.9423571825027466, 0.9651326537132263, 0.9678213000297546, 0.9697418212890625, 0.9750906825065613, 0.9772103428840637, 0.9781492352485657, 0.9775944352149963, 0.9776797890663147, 0.980482280254364], "loss": [2.608884811401367, 1.5563050508499146, 1.1324597597122192, 0.8402974009513855, 0.6573277115821838, 0.528745710849762, 0.44178929924964905, 0.3766046166419983, 0.32580339908599854, 0.29597193002700806, 0.2597101330757141, 0.2365378737449646, 0.21073472499847412, 0.1938793957233429, 0.17523536086082458, 0.10513701289892197, 0.09703491628170013, 0.09096590429544449, 0.07313533127307892, 0.06827407330274582, 0.06537490338087082, 0.06597547978162766, 0.06631193310022354, 0.05809634178876877], "val_accuracy": [0.4864557385444641, 0.6213862895965576, 0.7230821847915649, 0.8000796437263489, 0.8256316781044006, 0.8155019283294678, 0.8549965620040894, 0.9138401746749878, 0.9238561391830444, 0.8751991987228394, 0.9355793595314026, 0.9244252443313599, 0.9544730186462402, 0.9425221681594849, 0.9495788812637329, 0.9569200873374939, 0.9392784237861633, 0.9405872821807861, 0.9609037041664124, 0.9602208137512207, 0.9630662202835083, 0.9606760740280151, 0.9610175490379333, 0.9570339322090149], "val_loss": [1.723963975906372, 1.2631829977035522, 0.8995493650436401, 0.642273485660553, 0.5552544593811035, 0.6098433136940002, 0.4684222638607025, 0.26756441593170166, 0.2351650595664978, 0.3927808105945587, 0.20079053938388824, 0.23484738171100616, 0.13709574937820435, 0.16976095736026764, 0.15472202003002167, 0.13322456181049347, 0.1845259666442871, 0.1932375431060791, 0.12376394122838974, 0.12158265709877014, 0.11555123329162598, 0.12369292229413986, 0.12174675613641739, 0.13063442707061768], "learning_rate": [9.999999747378752e-05, 9.999999747378752e-05, 9.999999747378752e-05, 9.999999747378752e-05, 9.999999747378752e-05, 9.999999747378752e-05, 9.999999747378752e-05, 9.999999747378752e-05, 9.999999747378752e-05, 9.999999747378752e-05, 9.999999747378752e-05, 9.999999747378752e-05, 9.999999747378752e-05, 9.999999747378752e-05, 9.999999747378752e-05, 2.9999999242136255e-05, 2.9999999242136255e-05, 2.9999999242136255e-05, 8.999999408842996e-06, 8.999999408842996e-06, 8.999999408842996e-06, 8.999999408842996e-06, 8.999999408842996e-06, 2.699999868127634e-06]}